{
    "loss": 3.392390251159668,
    "accuracy": 0.8448275923728943
}