{
    "loss": 1.3779449462890625,
    "accuracy": 0.9396551847457886
}