{
    "loss": 1.1458805799484253,
    "accuracy": 0.9655172228813171
}